{"cameraMode":{"drawMode":0,"name":"Shaded","section":"Shading Mode"},"sceneLighting":false,"audioPlay":false,"sceneViewState":{"m_AlwaysRefresh":false,"showFog":true,"showSkybox":false,"showFlares":true,"showImageEffects":true,"showParticleSystems":true,"showVisualEffectGraphs":true,"m_FxEnabled":true},"in2DMode":false,"pivot":{"x":0.0003527700901031494,"y":0.2995253801345825,"z":0.0006740167737007141},"rotation":{"x":0.011744195595383644,"y":0.9877093434333801,"z":-0.08996081352233887,"w":0.13025248050689698},"size":2.64632511138916,"orthographic":false}